cnae_code,cnae_text,risk_tier,base_weight,sanitary_risk,fire_risk,environmental_risk,notes,source,is_active
01.11-3-01,Cultivo de arroz,LOW,10,LOW,LOW,LOW,,bootstrap,true
01.11-3-02,Cultivo de milho,LOW,10,LOW,LOW,LOW,,bootstrap,true
01.11-3-99,Cultivo de outros cereais não especificados anteriormente,LOW,10,LOW,LOW,LOW,,bootstrap,true
01.12-1-99,Cultivo de outras fibras de lavoura temporária não especificadas anteriormente,LOW,10,LOW,LOW,LOW,,bootstrap,true
01.13-0-00,Cultivo de cana-de-açúcar,LOW,10,LOW,LOW,LOW,,bootstrap,true
01.15-6-00,Cultivo de soja,LOW,10,LOW,LOW,LOW,,bootstrap,true
01.16-4-02,Cultivo de girassol,LOW,10,LOW,LOW,LOW,,bootstrap,true
01.19-9-05,Cultivo de feijão,LOW,10,LOW,LOW,LOW,,bootstrap,true
01.42-3-00,Produção de mudas e outras formas de propagação vegetal  certificadas,LOW,10,LOW,LOW,LOW,,bootstrap,true
01.51-2-01,Criação de bovinos para corte,LOW,10,LOW,LOW,LOW,,bootstrap,true
01.51-2-02,Criação de bovinos para leite,LOW,10,LOW,LOW,LOW,,bootstrap,true
01.51-2-03,Criação de bovinos  exceto para corte e leite,LOW,10,LOW,LOW,LOW,,bootstrap,true
01.52-1-02,Criação de equinos,LOW,10,LOW,LOW,LOW,,bootstrap,true
01.52-1-03,Criação de asininos e muares,LOW,10,LOW,LOW,LOW,,bootstrap,true
01.53-9-02,Criação de ovinos  inclusive para produção de lã,LOW,10,LOW,LOW,LOW,,bootstrap,true
01.61-0-03,Serviço de preparação de terreno  cultivo e colheita,LOW,10,LOW,LOW,LOW,,bootstrap,true
03.22-1-01,Criação de peixes em água doce,LOW,10,LOW,LOW,LOW,,bootstrap,true
10.13-9-01,Fabricação de produtos de carne,HIGH,55,HIGH,MEDIUM,MEDIUM,,calibrated_v1,true
10.66-0-00,Fabricação de alimentos para animais,LOW,10,LOW,LOW,LOW,,bootstrap,true
10.91-1-02,Fabricação de produtos de padaria e confeitaria com predominância de produção própria,MEDIUM,30,MEDIUM,LOW,LOW,,calibrated_v1,true
10.96-1-00,Fabricação de alimentos e pratos prontos,HIGH,45,HIGH,MEDIUM,LOW,,calibrated_v1,true
11.21-6-00,Fabricação de águas envasadas,LOW,10,LOW,LOW,LOW,,bootstrap,true
14.12-6-01,Confecção de peças do vestuário  exceto roupas íntimas e as confeccionadas sob medida,LOW,10,LOW,LOW,LOW,,bootstrap,true
14.12-6-02,Confecção  sob medida  de peças do vestuário  exceto roupas íntimas,LOW,10,LOW,LOW,LOW,,bootstrap,true
14.12-6-03,Facção de peças do vestuário  exceto roupas íntimas,LOW,10,LOW,LOW,LOW,,bootstrap,true
16.22-6-02,Fabricação de esquadrias de madeira e de peças de madeira para instalações industriais e comerciais,LOW,10,LOW,LOW,LOW,,bootstrap,true
18.13-0-01,Impressão de material para uso publicitário,LOW,10,LOW,LOW,LOW,,bootstrap,true
18.13-0-99,Impressão de material para outros usos,LOW,10,LOW,LOW,LOW,,bootstrap,true
23.30-3-01,Fabricação de estruturas pré-moldadas de concreto armado  em série e sob encomenda,LOW,10,LOW,LOW,LOW,,bootstrap,true
23.42-7-02,Fabricação de artefatos de cerâmica e barro cozido para uso na construção  exceto azulejos e pisos,LOW,10,LOW,LOW,LOW,,bootstrap,true
23.91-5-03,Aparelhamento de placas e execução de trabalhos em mármore  granito  ardósia e outras pedras,LOW,10,LOW,LOW,LOW,,bootstrap,true
25.11-0-00,Fabricação de estruturas metálicas,LOW,10,LOW,LOW,LOW,,bootstrap,true
25.39-0-01,Serviços de usinagem  torneiria e solda,LOW,10,LOW,LOW,LOW,,bootstrap,true
25.39-0-02,Serviços de tratamento e revestimento em metais,LOW,10,LOW,LOW,LOW,,bootstrap,true
28.22-4-02,Fabricação de máquinas  equipamentos e aparelhos para transporte e elevação de cargas  peças e acessórios,LOW,10,LOW,LOW,LOW,,bootstrap,true
28.29-1-99,Fabricação de outras máquinas e equipamentos de uso geral não especificados anteriormente  peças e acessórios,LOW,10,LOW,LOW,LOW,,bootstrap,true
28.69-1-00,Fabricação de máquinas e equipamentos para uso industrial específico não especificados anteriormente,LOW,10,LOW,LOW,LOW,,bootstrap,true
31.01-2-00,Fabricação de móveis com predominância de madeira,LOW,10,LOW,LOW,LOW,,bootstrap,true
32.20-5-00,Fabricação de instrumentos musicais,LOW,10,LOW,LOW,LOW,,bootstrap,true
32.50-7-06,Serviços de prótese dentária,LOW,10,LOW,LOW,LOW,,bootstrap,true
32.99-0-03,Fabricação de letras  letreiros e placas de qualquer material  exceto luminosos,LOW,10,LOW,LOW,LOW,,bootstrap,true
33.11-2-00,Manutenção e reparação de tanques  reservatórios metálicos e caldeiras  exceto para veículos,LOW,10,LOW,LOW,LOW,,bootstrap,true
33.12-1-02,Manutenção e reparação de aparelhos e instrumentos de medida  teste e controle,LOW,10,LOW,LOW,LOW,,bootstrap,true
33.14-7-10,Manutenção e reparação de máquinas e equipamentos para uso geral não especificados anteriormente,LOW,10,LOW,LOW,LOW,,bootstrap,true
33.14-7-19,Manutenção e reparação de máquinas e equipamentos para as indústrias de alimentos  bebidas e fumo,LOW,10,LOW,LOW,LOW,,bootstrap,true
33.14-7-99,Manutenção e reparação de outras máquinas e equipamentos para usos industriais não especificados anteriormente,LOW,10,LOW,LOW,LOW,,bootstrap,true
33.21-0-00,Instalação de máquinas e equipamentos industriais,LOW,10,LOW,LOW,LOW,,bootstrap,true
33.29-5-01,Serviços de montagem de móveis de qualquer material,LOW,10,LOW,LOW,LOW,,bootstrap,true
33.29-5-99,Instalação de outros equipamentos não especificados anteriormente,LOW,10,LOW,LOW,LOW,,bootstrap,true
38.11-4-00,Coleta de resíduos não-perigosos,MEDIUM,30,MEDIUM,MEDIUM,MEDIUM,,calibrated_v1,true
38.21-1-00,Tratamento e disposição de resíduos não-perigosos,HIGH,50,MEDIUM,HIGH,HIGH,,calibrated_v1,true
38.32-7-00,Recuperação de materiais plásticos,LOW,10,LOW,LOW,LOW,,bootstrap,true
41.10-7-00,Incorporação de empreendimentos imobiliários,LOW,10,LOW,LOW,LOW,,bootstrap,true
41.20-4-00,Construção de edifícios,MEDIUM,35,LOW,MEDIUM,MEDIUM,,calibrated_v1,true
42.11-1-01,Construção de rodovias e ferrovias,MEDIUM,30,LOW,MEDIUM,MEDIUM,,calibrated_v1,true
42.11-1-02,Pintura para sinalização em pistas rodoviárias e aeroportos,LOW,10,LOW,LOW,LOW,,bootstrap,true
42.12-0-00,Construção de obras-de-arte especiais,LOW,10,LOW,LOW,LOW,,bootstrap,true
42.13-8-00,Obras de urbanização - ruas  praças e calçadas,LOW,10,LOW,LOW,LOW,,bootstrap,true
42.22-7-01,Construção de redes de abastecimento de água  coleta de esgoto e construções correlatas  exceto obras de irrigação,LOW,10,LOW,LOW,LOW,,bootstrap,true
42.92-8-01,Montagem de estruturas metálicas,LOW,10,LOW,LOW,LOW,,bootstrap,true
42.92-8-02,Obras de montagem industrial,LOW,10,LOW,LOW,LOW,,bootstrap,true
42.99-5-01,Construção de instalações esportivas e recreativas,LOW,10,LOW,LOW,LOW,,bootstrap,true
43.11-8-01,Demolição de edifícios e outras estruturas,LOW,10,LOW,LOW,LOW,,bootstrap,true
43.11-8-02,Preparação de canteiro e limpeza de terreno,LOW,10,LOW,LOW,LOW,,bootstrap,true
43.12-6-00,Perfurações e sondagens,LOW,10,LOW,LOW,LOW,,bootstrap,true
43.13-4-00,Obras de terraplenagem,LOW,10,LOW,LOW,LOW,,bootstrap,true
43.19-3-00,Serviços de preparação do terreno não especificados anteriormente,LOW,10,LOW,LOW,LOW,,bootstrap,true
43.21-5-00,Instalações elétricas,MEDIUM,30,LOW,MEDIUM,LOW,,calibrated_v1,true
43.22-3-01,Instalações hidráulicas  sanitárias e de gás,LOW,10,LOW,LOW,LOW,,bootstrap,true
43.22-3-02,Instalação e manutenção de sistemas centrais de ar condicionado  de ventilação e refrigeração,LOW,10,LOW,LOW,LOW,,bootstrap,true
43.29-1-01,Instalação de painéis publicitários,LOW,10,LOW,LOW,LOW,,bootstrap,true
43.30-4-01,Impermeabilização em obras de engenharia civil,LOW,10,LOW,LOW,LOW,,bootstrap,true
43.30-4-02,Instalação de portas  janelas  tetos  divisórias e armários embutidos de qualquer material,LOW,10,LOW,LOW,LOW,,bootstrap,true
43.30-4-03,Obras de acabamento em gesso e estuque,LOW,10,LOW,LOW,LOW,,bootstrap,true
43.30-4-04,Serviços de pintura de edifícios em geral,LOW,10,LOW,LOW,LOW,,bootstrap,true
43.30-4-05,Aplicação de revestimentos e de resinas em interiores e exteriores,LOW,10,LOW,LOW,LOW,,bootstrap,true
43.30-4-99,Outras obras de acabamento da construção,LOW,10,LOW,LOW,LOW,,bootstrap,true
43.99-1-01,Administração de obras,LOW,10,LOW,LOW,LOW,,bootstrap,true
43.99-1-02,Montagem e desmontagem de andaimes e outras estruturas temporárias,LOW,10,LOW,LOW,LOW,,bootstrap,true
43.99-1-03,Obras de alvenaria,LOW,10,LOW,LOW,LOW,,bootstrap,true
43.99-1-99,Serviços especializados para construção não especificados anteriormente,LOW,10,LOW,LOW,LOW,,bootstrap,true
45.11-1-02,Comércio a varejo de automóveis  camionetas e utilitários usados,LOW,10,LOW,LOW,LOW,,bootstrap,true
45.12-9-01,Representantes comerciais e agentes do comércio de veículos automotores,LOW,10,LOW,LOW,LOW,,bootstrap,true
45.20-0-01,Serviços de manutenção e reparação mecânica de veículos automotores,MEDIUM,25,LOW,MEDIUM,LOW,,calibrated_v1,true
45.20-0-05,Serviços de lavagem  lubrificação e polimento de veículos automotores,LOW,10,LOW,LOW,LOW,,bootstrap,true
45.30-7-01,Comércio por atacado de peças e acessórios novos para veículos automotores,LOW,10,LOW,LOW,LOW,,bootstrap,true
45.30-7-03,Comércio a varejo de peças e acessórios novos para veículos automotores,LOW,10,LOW,LOW,LOW,,bootstrap,true
45.30-7-05,Comércio a varejo de pneumáticos e câmaras-de-ar,LOW,10,LOW,LOW,LOW,,bootstrap,true
45.30-7-06,Representantes comerciais e agentes do comércio de peças e acessórios novos e usados para veículos automotores,LOW,10,LOW,LOW,LOW,,bootstrap,true
46.17-6-00,Representantes comerciais e agentes do comércio de produtos alimentícios  bebidas e fumo,LOW,10,LOW,LOW,LOW,,bootstrap,true
46.18-4-99,Outros representantes comerciais e agentes do comércio especializado em produtos não especificados anteriormente,LOW,10,LOW,LOW,LOW,,bootstrap,true
46.19-2-00,Representantes comerciais e agentes do comércio de mercadorias em geral não especializado,LOW,10,LOW,LOW,LOW,,bootstrap,true
46.23-1-06,Comércio atacadista de sementes  flores  plantas e gramas,LOW,10,LOW,LOW,LOW,,bootstrap,true
46.23-1-09,Comércio atacadista de alimentos para animais,LOW,10,LOW,LOW,LOW,,bootstrap,true
46.23-1-99,Comércio atacadista de matérias-primas agrícolas não especificadas anteriormente,LOW,10,LOW,LOW,LOW,,bootstrap,true
46.35-4-01,Comércio atacadista de água mineral,LOW,10,LOW,LOW,LOW,,bootstrap,true
46.39-7-01,Comércio atacadista de produtos alimentícios em geral,LOW,10,LOW,LOW,LOW,,bootstrap,true
46.47-8-01,Comércio atacadista de artigos de escritório e de papelaria,LOW,10,LOW,LOW,LOW,,bootstrap,true
46.47-8-02,Comércio atacadista de livros  jornais e outras publicações,LOW,10,LOW,LOW,LOW,,bootstrap,true
46.49-4-08,Comércio atacadista de produtos de higiene  limpeza e conservação domiciliar,LOW,10,LOW,LOW,LOW,,bootstrap,true
46.51-6-01,Comércio atacadista de equipamentos de informática,LOW,10,LOW,LOW,LOW,,bootstrap,true
46.52-4-00,Comércio atacadista de componentes eletrônicos e equipamentos de telefonia e comunicação,LOW,10,LOW,LOW,LOW,,bootstrap,true
46.61-3-00,Comércio atacadista de máquinas  aparelhos e equipamentos para uso agropecuário; partes e peças,LOW,10,LOW,LOW,LOW,,bootstrap,true
46.69-9-99,Comércio atacadista de outras máquinas e equipamentos não especificados anteriormente; partes e peças,LOW,10,LOW,LOW,LOW,,bootstrap,true
46.71-1-00,Comércio atacadista de madeira e produtos derivados,LOW,10,LOW,LOW,LOW,,bootstrap,true
46.72-9-00,Comércio atacadista de ferragens e ferramentas,LOW,10,LOW,LOW,LOW,,bootstrap,true
46.74-5-00,Comércio atacadista de cimento,LOW,10,LOW,LOW,LOW,,bootstrap,true
46.86-9-02,Comércio atacadista de embalagens,LOW,10,LOW,LOW,LOW,,bootstrap,true
46.87-7-01,Comércio atacadista de resíduos de papel e papelão,LOW,10,LOW,LOW,LOW,,bootstrap,true
46.87-7-03,Comércio atacadista de resíduos e sucatas metálicos,LOW,10,LOW,LOW,LOW,,bootstrap,true
46.91-5-00,Comércio atacadista de mercadorias em geral  com predominância de produtos alimentícios,LOW,10,LOW,LOW,LOW,,bootstrap,true
46.93-1-00,Comércio atacadista de mercadorias em geral  sem predominância de alimentos ou de insumos agropecuários,LOW,10,LOW,LOW,LOW,,bootstrap,true
47.12-1-00,Comércio varejista de mercadorias em geral  com predominância de produtos alimentícios - minimercados  mercearias e armazéns,LOW,10,LOW,LOW,LOW,,bootstrap,true
47.13-0-02,Lojas de variedades  exceto lojas de departamentos ou magazines,LOW,10,LOW,LOW,LOW,,bootstrap,true
47.21-1-03,Comércio varejista de laticínios e frios,LOW,10,LOW,LOW,LOW,,bootstrap,true
47.21-1-04,Comércio varejista de doces  balas  bombons e semelhantes,LOW,10,LOW,LOW,LOW,,bootstrap,true
47.22-9-01,Comércio varejista de carnes - açougues,MEDIUM,30,MEDIUM,LOW,LOW,,calibrated_v1,true
47.23-7-00,Comércio varejista de bebidas,LOW,10,LOW,LOW,LOW,,bootstrap,true
47.24-5-00,Comércio varejista de hortifrutigranjeiros,LOW,10,LOW,LOW,LOW,,bootstrap,true
47.29-6-01,Tabacaria,LOW,10,LOW,LOW,LOW,,bootstrap,true
47.29-6-99,Comércio varejista de produtos alimentícios em geral ou especializado em produtos alimentícios não especificados anteriormente,LOW,10,LOW,LOW,LOW,,bootstrap,true
47.41-5-00,Comércio varejista de tintas e materiais para pintura,LOW,10,LOW,LOW,LOW,,bootstrap,true
47.42-3-00,Comércio varejista de material elétrico,LOW,10,LOW,LOW,LOW,,bootstrap,true
47.44-0-01,Comércio varejista de ferragens e ferramentas,LOW,10,LOW,LOW,LOW,,bootstrap,true
47.44-0-02,Comércio varejista de madeira e artefatos,LOW,10,LOW,LOW,LOW,,bootstrap,true
47.44-0-03,Comércio varejista de materiais hidráulicos,LOW,10,LOW,LOW,LOW,,bootstrap,true
47.44-0-05,Comércio varejista de materiais de construção não especificados anteriormente,LOW,10,LOW,LOW,LOW,,bootstrap,true
47.44-0-06,Comércio varejista de pedras para revestimento,LOW,10,LOW,LOW,LOW,,bootstrap,true
47.44-0-99,Comércio varejista de materiais de construção em geral,LOW,10,LOW,LOW,LOW,,bootstrap,true
47.51-2-01,Comércio varejista especializado de equipamentos e suprimentos de informática,LOW,10,LOW,LOW,LOW,,bootstrap,true
47.53-9-00,Comércio varejista especializado de eletrodomésticos e equipamentos de áudio e vídeo,LOW,10,LOW,LOW,LOW,,bootstrap,true
47.54-7-01,Comércio varejista de móveis,LOW,10,LOW,LOW,LOW,,bootstrap,true
47.54-7-02,Comércio varejista de artigos de colchoaria,LOW,10,LOW,LOW,LOW,,bootstrap,true
47.54-7-03,Comércio varejista de artigos de iluminação,LOW,10,LOW,LOW,LOW,,bootstrap,true
47.55-5-03,Comercio varejista de artigos de cama  mesa e banho,LOW,10,LOW,LOW,LOW,,bootstrap,true
47.56-3-00,Comércio varejista especializado de instrumentos musicais e acessórios,LOW,10,LOW,LOW,LOW,,bootstrap,true
47.57-1-00,Comércio varejista especializado de peças e acessórios para aparelhos eletroeletrônicos para uso doméstico  exceto informática e comunicação,LOW,10,LOW,LOW,LOW,,bootstrap,true
47.59-8-01,Comércio varejista de artigos de tapeçaria  cortinas e persianas,LOW,10,LOW,LOW,LOW,,bootstrap,true
47.59-8-99,Comércio varejista de outros artigos de uso pessoal e doméstico não especificados anteriormente,LOW,10,LOW,LOW,LOW,,bootstrap,true
47.61-0-01,Comércio varejista de livros,LOW,10,LOW,LOW,LOW,,bootstrap,true
47.61-0-03,Comércio varejista de artigos de papelaria,LOW,10,LOW,LOW,LOW,,bootstrap,true
47.63-6-01,Comércio varejista de brinquedos e artigos recreativos,LOW,10,LOW,LOW,LOW,,bootstrap,true
47.63-6-04,Comércio varejista de artigos de caça  pesca e camping,LOW,10,LOW,LOW,LOW,,bootstrap,true
47.71-7-01,Comércio varejista de produtos farmacêuticos  sem manipulação de fórmulas,MEDIUM,35,MEDIUM,LOW,LOW,,calibrated_v1,true
47.72-5-00,Comércio varejista de cosméticos  produtos de perfumaria e de higiene pessoal,LOW,10,LOW,LOW,LOW,,bootstrap,true
47.73-3-00,Comércio varejista de artigos médicos e ortopédicos,LOW,10,LOW,LOW,LOW,,bootstrap,true
47.74-1-00,Comércio varejista de artigos de óptica,LOW,10,LOW,LOW,LOW,,bootstrap,true
47.81-4-00,Comércio varejista de artigos do vestuário e acessórios,LOW,10,LOW,LOW,LOW,,bootstrap,true
47.82-2-01,Comércio varejista de calçados,LOW,10,LOW,LOW,LOW,,bootstrap,true
47.83-1-01,Comércio varejista de artigos de joalheria,LOW,10,LOW,LOW,LOW,,bootstrap,true
47.83-1-02,Comércio varejista de artigos de relojoaria,LOW,10,LOW,LOW,LOW,,bootstrap,true
47.84-9-00,Comércio varejista de gás liqüefeito de petróleo (GLP),HIGH,60,MEDIUM,HIGH,MEDIUM,,calibrated_v1,true
47.89-0-01,Comércio varejista de suvenires  bijuterias e artesanatos,LOW,10,LOW,LOW,LOW,,bootstrap,true
47.89-0-02,Comércio varejista de plantas e flores naturais,LOW,10,LOW,LOW,LOW,,bootstrap,true
47.89-0-04,Comércio varejista de animais vivos e de artigos e alimentos para animais de estimação,MEDIUM,25,MEDIUM,LOW,LOW,,calibrated_v1,true
47.89-0-06,Comércio varejista de fogos de artifício e artigos pirotécnicos,HIGH,55,LOW,HIGH,MEDIUM,,calibrated_v1,true
47.89-0-99,Comércio varejista de outros produtos não especificados anteriormente,LOW,10,LOW,LOW,LOW,,bootstrap,true
49.21-3-02,Transporte rodoviário coletivo de passageiros  com itinerário fixo  intermunicipal em região metropolitana,LOW,10,LOW,LOW,LOW,,bootstrap,true
49.23-0-02,Serviço de transporte de passageiros - locação de automóveis com motorista,LOW,10,LOW,LOW,LOW,,bootstrap,true
49.30-2-01,Transporte rodoviário de carga  exceto produtos perigosos e mudanças  municipal.,MEDIUM,30,LOW,MEDIUM,LOW,,calibrated_v1,true
49.30-2-02,Transporte rodoviário de carga  exceto produtos perigosos e mudanças  intermunicipal  interestadual e internacional,MEDIUM,35,LOW,MEDIUM,LOW,,calibrated_v1,true
49.30-2-03,Transporte rodoviário de produtos perigosos,HIGH,65,LOW,HIGH,HIGH,,calibrated_v1,true
52.12-5-00,Carga e descarga,MEDIUM,25,LOW,MEDIUM,LOW,,calibrated_v1,true
52.23-1-00,Estacionamento de veículos,LOW,10,LOW,LOW,LOW,,bootstrap,true
52.50-8-01,Comissaria de despachos,LOW,10,LOW,LOW,LOW,,bootstrap,true
52.50-8-04,Organização logística do transporte de carga,LOW,10,LOW,LOW,LOW,,bootstrap,true
56.11-2-01,Restaurantes e similares,HIGH,55,HIGH,MEDIUM,LOW,,calibrated_v1,true
56.11-2-03,Lanchonetes  casas de chá  de sucos e similares,MEDIUM,40,MEDIUM,MEDIUM,LOW,,calibrated_v1,true
56.11-2-04,Bares e outros estabelecimentos especializados em servir bebidas  sem entretenimento,MEDIUM,35,MEDIUM,MEDIUM,LOW,,calibrated_v1,true
56.20-1-01,Fornecimento de alimentos preparados preponderantemente para empresas,HIGH,50,HIGH,MEDIUM,LOW,,calibrated_v1,true
56.20-1-02,Serviços de alimentação para eventos e recepções - bufê,HIGH,50,HIGH,MEDIUM,LOW,,calibrated_v1,true
56.20-1-04,Fornecimento de alimentos preparados preponderantemente para consumo domiciliar,MEDIUM,35,MEDIUM,LOW,LOW,,calibrated_v1,true
58.11-5-00,Edição de livros,LOW,10,LOW,LOW,LOW,,bootstrap,true
59.11-1-01,Estúdios cinematográficos,LOW,10,LOW,LOW,LOW,,bootstrap,true
59.11-1-02,Produção de filmes para publicidade,LOW,10,LOW,LOW,LOW,,bootstrap,true
59.11-1-99,Atividades de produção cinematográfica  de vídeos e de programas de televisão não especificadas anteriormente,LOW,10,LOW,LOW,LOW,,bootstrap,true
59.20-1-00,Atividades de gravação de som e de edição de música,LOW,10,LOW,LOW,LOW,,bootstrap,true
60.10-1-00,Atividades de rádio,LOW,10,LOW,LOW,LOW,,bootstrap,true
62.01-5-01,Desenvolvimento de programas de computador sob encomenda,LOW,10,LOW,LOW,LOW,,bootstrap,true
62.01-5-02,Web desing,LOW,10,LOW,LOW,LOW,,bootstrap,true
62.02-3-00,Desenvolvimento e licenciamento de programas de computador customizáveis,LOW,10,LOW,LOW,LOW,,bootstrap,true
62.03-1-00,Desenvolvimento e licenciamento de programas de computador não-customizáveis,LOW,10,LOW,LOW,LOW,,bootstrap,true
62.09-1-00,Suporte técnico  manutenção e outros serviços em tecnologia da informação,LOW,10,LOW,LOW,LOW,,bootstrap,true
63.11-9-00,Tratamento de dados  provedores de serviços de aplicação e serviços de hospedagem na internet,LOW,10,LOW,LOW,LOW,,bootstrap,true
63.19-4-00,Portais  provedores de conteúdo e outros serviços de informação na internet,LOW,10,LOW,LOW,LOW,,bootstrap,true
64.62-0-00,Holdings de instituições não-financeiras,LOW,10,LOW,LOW,LOW,,bootstrap,true
66.19-3-02,Correspondentes de instituições financeiras,LOW,10,LOW,LOW,LOW,,bootstrap,true
68.10-2-01,Compra e venda de imóveis próprios,LOW,10,LOW,LOW,LOW,,bootstrap,true
68.10-2-02,Aluguel de imóveis próprios,LOW,10,LOW,LOW,LOW,,bootstrap,true
68.10-2-03,Loteamento de imóveis próprios,LOW,10,LOW,LOW,LOW,,bootstrap,true
68.21-8-01,Corretagem na compra e venda e avaliação de imóveis,LOW,10,LOW,LOW,LOW,,bootstrap,true
68.21-8-02,Corretagem no aluguel de imóveis,LOW,10,LOW,LOW,LOW,,bootstrap,true
68.22-6-00,Gestão e administração da propriedade imobiliária,LOW,10,LOW,LOW,LOW,,bootstrap,true
69.11-7-01,Serviços advocatícios,LOW,10,LOW,LOW,LOW,,bootstrap,true
69.12-5-00,Cartórios,LOW,10,LOW,LOW,LOW,,bootstrap,true
69.20-6-01,Atividades de contabilidade,LOW,10,LOW,LOW,LOW,,bootstrap,true
70.20-4-00,Atividades de consultoria em gestão empresarial,LOW,10,LOW,LOW,LOW,,bootstrap,true
71.11-1-00,Serviços de arquitetura,LOW,10,LOW,LOW,LOW,,bootstrap,true
71.12-0-00,Serviços de engenharia (Dispensada *),LOW,10,LOW,LOW,LOW,,bootstrap,true
71.19-7-03,Serviços de desenho técnico relacionados à arquitetura e engenharia,LOW,10,LOW,LOW,LOW,,bootstrap,true
71.19-7-04,Serviços de perícia técnica relacionados à segurança do trabalho,LOW,10,LOW,LOW,LOW,,bootstrap,true
71.20-1-00,Testes e análises técnicas,LOW,10,LOW,LOW,LOW,,bootstrap,true
72.10-0-00,Pesquisa e desenvolvimento experimental em ciências físicas e naturais,LOW,10,LOW,LOW,LOW,,bootstrap,true
73.11-4-00,Agências de publicidade,LOW,10,LOW,LOW,LOW,,bootstrap,true
73.12-2-00,Agenciamento de espaços para publicidade  exceto em veículos de comunicação,LOW,10,LOW,LOW,LOW,,bootstrap,true
73.19-0-01,Criação de estandes para feiras e exposições,LOW,10,LOW,LOW,LOW,,bootstrap,true
73.19-0-02,Promoção de vendas,LOW,10,LOW,LOW,LOW,,bootstrap,true
73.19-0-03,Marketing direto,LOW,10,LOW,LOW,LOW,,bootstrap,true
73.19-0-99,Outras atividades de publicidade não especificadas anteriormente,LOW,10,LOW,LOW,LOW,,bootstrap,true
74.10-2-99,Atividades de desing não especificadas anteriormente,LOW,10,LOW,LOW,LOW,,bootstrap,true
74.20-0-01,Atividades de produção de fotografias  exceto aérea e submarina,LOW,10,LOW,LOW,LOW,,bootstrap,true
74.90-1-01,Serviços de tradução  interpretação e similares,LOW,10,LOW,LOW,LOW,,bootstrap,true
74.90-1-03,Serviços de agronomia e de consultoria às atividades agrícolas e pecuárias,LOW,10,LOW,LOW,LOW,,bootstrap,true
74.90-1-04,Atividades de intermediação e agenciamento de serviços e negócios em geral  exceto imobiliários,LOW,10,LOW,LOW,LOW,,bootstrap,true
74.90-1-05,Agenciamento de profissionais para atividades esportivas  culturais e artísticas,LOW,10,LOW,LOW,LOW,,bootstrap,true
74.90-1-99,Outras atividades profissionais  científicas e técnicas não especificadas anteriormente,LOW,10,LOW,LOW,LOW,,bootstrap,true
77.11-0-00,Locação de automóveis sem condutor,LOW,10,LOW,LOW,LOW,,bootstrap,true
77.23-3-00,Aluguel de objetos do vestuário  jóias e acessórios,LOW,10,LOW,LOW,LOW,,bootstrap,true
77.31-4-00,Aluguel de máquinas e equipamentos agrícolas sem operador,LOW,10,LOW,LOW,LOW,,bootstrap,true
77.32-2-01,Aluguel de máquinas e equipamentos para construção sem operador  exceto andaimes,LOW,10,LOW,LOW,LOW,,bootstrap,true
77.39-0-02,Aluguel de equipamentos científicos  médicos e hospitalares  sem operador,LOW,10,LOW,LOW,LOW,,bootstrap,true
77.39-0-03,Aluguel de palcos  coberturas e outras estruturas de uso temporário  exceto andaimes,LOW,10,LOW,LOW,LOW,,bootstrap,true
77.39-0-99,Aluguel de outras máquinas e equipamentos comerciais e industriais não especificados anteriormente  sem operador,LOW,10,LOW,LOW,LOW,,bootstrap,true
78.20-5-00,Locação de mão-de-obra temporária,LOW,10,LOW,LOW,LOW,,bootstrap,true
79.12-1-00,Operadores turísticos,LOW,10,LOW,LOW,LOW,,bootstrap,true
79.90-2-00,Serviços de reservas e outros serviços de turismo não especificados anteriormente,LOW,10,LOW,LOW,LOW,,bootstrap,true
80.11-1-01,Atividades de vigilância e segurança privada,MEDIUM,30,LOW,HIGH,LOW,,calibrated_v1,true
81.21-4-00,Limpeza em prédios e em domicílios,LOW,10,LOW,LOW,LOW,,bootstrap,true
81.29-0-00,Atividades de limpeza não especificadas anteriormente,LOW,10,LOW,LOW,LOW,,bootstrap,true
81.30-3-00,Atividades paisagísticas,LOW,10,LOW,LOW,LOW,,bootstrap,true
82.11-3-00,Serviços combinados de escritório e apoio administrativo (Dispensada *),LOW,10,LOW,LOW,LOW,,bootstrap,true
82.19-9-01,Fotocópias,LOW,10,LOW,LOW,LOW,,bootstrap,true
82.19-9-99,Preparação de documentos e serviços especializados de apoio administrativo não especificados anteriormente,LOW,10,LOW,LOW,LOW,,bootstrap,true
82.20-2-00,Atividades de teleatendimento,LOW,10,LOW,LOW,LOW,,bootstrap,true
82.30-0-01,Serviços de organização de feiras  congressos  exposições e festas,LOW,10,LOW,LOW,LOW,,bootstrap,true
82.30-0-02,Casas de festas e eventos,LOW,10,LOW,LOW,LOW,,bootstrap,true
82.99-7-01,Medição de consumo de energia elétrica  gás e água,LOW,10,LOW,LOW,LOW,,bootstrap,true
82.99-7-06,Casas lotéricas,LOW,10,LOW,LOW,LOW,,bootstrap,true
82.99-7-99,Outras atividades de serviços prestados principalmente às empresas não especificadas anteriormente,LOW,10,LOW,LOW,LOW,,bootstrap,true
85.50-3-02,Atividades de apoio à educação  exceto caixas escolares,LOW,10,LOW,LOW,LOW,,bootstrap,true
85.91-1-00,Ensino de esportes,LOW,10,LOW,LOW,LOW,,bootstrap,true
85.92-9-99,Ensino de arte e cultura não especificado anteriormente,LOW,10,LOW,LOW,LOW,,bootstrap,true
85.93-7-00,Ensino de idiomas,LOW,10,LOW,LOW,LOW,,bootstrap,true
85.99-6-04,Treinamento em desenvolvimento profissional e gerencial,LOW,10,LOW,LOW,LOW,,bootstrap,true
85.99-6-05,Cursos preparatórios para concursos,LOW,10,LOW,LOW,LOW,,bootstrap,true
85.99-6-99,Outras atividades de ensino não especificadas anteriormente,LOW,10,LOW,LOW,LOW,,bootstrap,true
86.30-5-03,Atividade médica ambulatorial restrita a consultas,MEDIUM,35,MEDIUM,LOW,LOW,,calibrated_v1,true
86.30-5-04,Atividade odontológica,MEDIUM,35,MEDIUM,LOW,LOW,,calibrated_v1,true
86.30-5-06,Serviços de vacinação e imunização humana,LOW,10,LOW,LOW,LOW,,bootstrap,true
86.30-5-99,Atividades de atenção ambulatorial não especificadas anteriormente,LOW,10,LOW,LOW,LOW,,bootstrap,true
86.40-2-02,Laboratórios clínicos,HIGH,50,HIGH,MEDIUM,MEDIUM,,calibrated_v1,true
86.40-2-05,Serviços de diagnóstico por imagem com uso de radiação ionizante  exceto tomografia,HIGH,55,HIGH,MEDIUM,MEDIUM,,calibrated_v1,true
86.40-2-99,Atividades de serviços de complementação diagnóstica e terapêutica não especificadas anteriormente,MEDIUM,40,MEDIUM,LOW,LOW,,calibrated_v1,true
86.50-0-03,Atividades de psicologia e psicanálise,LOW,10,LOW,LOW,LOW,,bootstrap,true
86.50-0-04,Atividades de fisioterapia,LOW,10,LOW,LOW,LOW,,bootstrap,true
86.50-0-06,Atividades de fonoaudiologia,LOW,10,LOW,LOW,LOW,,bootstrap,true
86.60-7-00,Atividades de apoio à gestão de saúde,LOW,10,LOW,LOW,LOW,,bootstrap,true
86.90-9-01,Atividades de práticas integrativas e complementares em saúde humana,LOW,10,LOW,LOW,LOW,,bootstrap,true
90.01-9-02,Produção musical,LOW,10,LOW,LOW,LOW,,bootstrap,true
90.01-9-03,Produção de espetáculos de dança,LOW,10,LOW,LOW,LOW,,bootstrap,true
90.01-9-05,Produção de espetáculos de rodeios  vaquejadas e similares,LOW,10,LOW,LOW,LOW,,bootstrap,true
90.01-9-06,Atividades de sonorização e de iluminação,LOW,10,LOW,LOW,LOW,,bootstrap,true
90.01-9-99,Artes cênicas  espetáculos e atividades complementares não especificados anteriormente,LOW,10,LOW,LOW,LOW,,bootstrap,true
90.03-5-00,Gestão de espaços para artes cênicas  espetáculos e outras atividades artísticas,LOW,10,LOW,LOW,LOW,,bootstrap,true
91.01-5-00,Atividades de bibliotecas e arquivos,LOW,10,LOW,LOW,LOW,,bootstrap,true
91.02-3-01,Atividades de museus e de exploração de lugares e prédios históricos e atrações similares,LOW,10,LOW,LOW,LOW,,bootstrap,true
91.03-1-00,Atividades de jardins botânicos  zoológicos  parques nacionais  reservas ecológicas e áreas de proteção ambiental,LOW,10,LOW,LOW,LOW,,bootstrap,true
93.13-1-00,Atividades de condicionamento físico,MEDIUM,25,LOW,MEDIUM,LOW,,calibrated_v1,true
93.29-8-99,Outras atividades de recreação e lazer não especificadas anteriormente,LOW,10,LOW,LOW,LOW,,bootstrap,true
94.12-0-99,Outras atividades associativas profissionais,LOW,10,LOW,LOW,LOW,,bootstrap,true
94.30-8-00,Atividades de associações de defesa de direitos sociais,LOW,10,LOW,LOW,LOW,,bootstrap,true
94.91-0-00,Atividades de organizações religiosas,LOW,10,LOW,LOW,LOW,,bootstrap,true
94.93-6-00,Atividades de organizações associativas ligadas à cultura e à arte,LOW,10,LOW,LOW,LOW,,bootstrap,true
94.99-5-00,Atividades associativas não especificadas anteriormente,LOW,10,LOW,LOW,LOW,,bootstrap,true
95.21-5-00,Reparação e manutenção de equipamentos eletroeletrônicos de uso pessoal e doméstico,LOW,10,LOW,LOW,LOW,,bootstrap,true
95.29-1-05,Reparação de artigos do mobiliário,LOW,10,LOW,LOW,LOW,,bootstrap,true
96.02-5-02,Atividades de estética e outros serviços de cuidados com a beleza,MEDIUM,20,LOW,LOW,LOW,,calibrated_v1,true
